id,name,category,province,district,description,best_time_to_visit,entry_fee,duration,activities/0,activities/1,activities/2,nearby_attractions/0,nearby_attractions/1,nearby_attractions/2,coordinates/lat,coordinates/lon,activities/3,nearby_attractions/3
dest_001,Sigiriya Rock Fortress,Historical & Cultural,Central Province,Matale,"Ancient rock fortress and palace ruins dating back to 5th century AD. UNESCO World Heritage Site featuring remarkable frescoes, mirror wall, and lion's gate. Summit offers panoramic views of surrounding forests and countryside.","January to April, August to September","USD 30 for foreigners, LKR 100 for locals",3-4 hours,rock climbing,photography,historical exploration,Pidurangala Rock,Dambulla Cave Temple,Minneriya National Park,7.957,80.7597,,
dest_002,Temple of the Sacred Tooth Relic,Religious & Cultural,Central Province,Kandy,Sacred Buddhist temple housing tooth relic of Buddha. Located in royal palace complex. Important pilgrimage site with daily religious ceremonies and annual Esala Perahera festival.,"Year-round, especially during Esala Perahera (July-August)","LKR 2000 for foreigners, LKR 500 for locals",2-3 hours,religious ceremonies,cultural exploration,museum visits,Kandy Lake,Royal Botanical Gardens,Bahirawakanda Temple,7.2936,80.6408,,
dest_003,Yala National Park,Wildlife & Nature,Southern Province,Hambantota,"Most visited and second largest national park in Sri Lanka. Highest leopard density in the world. Home to elephants, sloth bears, crocodiles, and over 200 bird species.",February to July (dry season),USD 25-30 per person plus jeep charges,Half day or full day safari,wildlife safari,bird watching,photography,Bundala National Park,Kirinda Beach,Sithulpawwa Rock Temple,6.3724,81.5197,,
dest_004,Galle Fort,Historical & Cultural,Southern Province,Galle,"17th century Dutch fort and UNESCO World Heritage Site. Well-preserved colonial architecture with cobblestone streets, boutique hotels, cafes, and museums. Surrounded by ocean on three sides.",December to March,Free to explore,Half day to full day,walking tours,shopping,dining,Unawatuna Beach,Japanese Peace Pagoda,Jungle Beach,6.0267,80.217,photography,
dest_005,Ella,Hill Country & Nature,Uva Province,Badulla,"Scenic hill country town famous for tea plantations, hiking trails, and stunning mountain views. Popular backpacker destination with laid-back atmosphere.","January to March, July to September",N/A (town),2-3 days recommended,hiking,train rides,tea estate visits,Nine Arch Bridge,Little Adam's Peak,Ravana Falls,6.8667,81.0467,waterfall exploration,Ella Rock
dest_006,Mirissa Beach,Beaches & Coastal,Southern Province,Matara,"Crescent-shaped beach famous for whale watching, surfing, and beach parties. Palm-fringed coastline with excellent seafood restaurants and nightlife.",November to April for whale watching,Free,1-3 days,whale watching,surfing,swimming,Weligama Beach,Coconut Tree Hill,Parrot Rock,5.9463,80.4686,snorkeling,
dest_007,Anuradhapura Ancient City,Historical & Cultural,North Central Province,Anuradhapura,"Ancient capital with sacred Buddhist sites over 2000 years old. UNESCO World Heritage Site featuring massive stupas, ancient pools, and Sri Maha Bodhi tree.",February to October,USD 25 for foreigners,Full day,historical exploration,pilgrimage,cycling tours,Mihintale,Wilpattu National Park,Aukana Buddha Statue,8.3114,80.4037,,
dest_008,Polonnaruwa Ancient Kingdom,Historical & Cultural,North Central Province,Polonnaruwa,"Medieval capital of Sri Lanka with well-preserved ruins. UNESCO World Heritage Site featuring royal palace, Gal Vihara rock sculptures, and ancient irrigation systems.",May to September,USD 25 for foreigners,Half to full day,cycling tours,historical exploration,photography,Minneriya National Park,Parakrama Samudra,Giritale Tank,7.9403,81.0188,,
dest_009,Nuwara Eliya,Hill Country & Nature,Central Province,Nuwara Eliya,"Scenic hill station known as 'Little England' with colonial architecture, tea plantations, and cool climate. Surrounded by mountains, valleys, and waterfalls.",December to March,N/A (town),2-3 days,tea estate tours,hiking,boating,Horton Plains,Gregory Lake,Victoria Park,6.9497,80.7891,strawberry picking,Pedro Tea Estate
dest_010,Horton Plains National Park,Wildlife & Nature,Central Province,Nuwara Eliya,Highland plateau with unique biodiversity and stunning landscapes. Home to World's End cliff (880m drop) and Baker's Falls. UNESCO World Heritage Site.,January to March,USD 25 for foreigners,4-6 hours for full circuit,hiking,wildlife watching,photography,World's End,Baker's Falls,Nuwara Eliya town,6.8167,80.8,nature walks,
dest_011,Dambulla Cave Temple,Religious & Cultural,Central Province,Matale,"Largest and best-preserved cave temple complex in Sri Lanka. Five caves containing 153 Buddha statues, ancient murals covering 2,100 square meters. UNESCO World Heritage Site.",Year-round,LKR 1500 for foreigners,2-3 hours,temple visits,cultural exploration,photography,Sigiriya,Golden Temple,Rangiri Dambulla Stadium,7.8567,80.6489,,
dest_012,Udawalawe National Park,Wildlife & Nature,Sabaragamuwa Province,Ratnapura,Important habitat for Sri Lankan elephants with population of over 500. Created around Udawalawe Reservoir with grasslands and scrub jungle. Excellent for wildlife photography.,"Year-round, best May to September",USD 15-20 per person plus jeep charges,Half day safari,elephant watching,wildlife safari,bird watching,Elephant Transit Home,Udawalawe Reservoir,Sinharaja Forest,6.4383,80.8789,,
dest_013,Sinharaja Forest Reserve,Wildlife & Nature,Sabaragamuwa Province,Ratnapura,Last viable rainforest in Sri Lanka with extraordinary biodiversity. UNESCO World Heritage Site and Biosphere Reserve. Over 60% endemic species of trees and wildlife.,"January to April, August to September",USD 10-15 for foreigners,Full day trek,rainforest trekking,bird watching,wildlife spotting,Ratnapura gem mines,Udawalawe National Park,Belihuloya,6.4008,80.4005,research,
dest_014,Arugam Bay,Beaches & Coastal,Eastern Province,Ampara,World-renowned surfing destination with consistent waves and laid-back beach culture. Crescent-shaped bay with golden sand beaches and excellent surf points.,April to October (surf season),Free,3-7 days,surfing,swimming,beach relaxation,Pottuvil Lagoon,Kumana National Park,Panama Beach,6.8408,81.8361,wildlife safaris nearby,
dest_015,Adam's Peak (Sri Pada),Religious & Nature,Sabaragamuwa Province,Ratnapura,Sacred mountain pilgrimage site revered by multiple religions. Features sacred footprint at summit. Popular for sunrise climbs with spectacular views.,December to May (pilgrimage season),Free,5-7 hours round trip,pilgrimage,hiking,sunrise viewing,Maskeliya Reservoir,Dalhousie town,Carney Estate,6.8094,80.4994,photography,
dest_016,Trincomalee,Beaches & Historical,Eastern Province,Trincomalee,"Natural deep-water harbor with pristine beaches, coral reefs, and historical sites. Famous for whale watching, diving, and Koneswaram Temple perched on cliff.",May to October,Free (beaches),2-4 days,beach activities,diving,snorkeling,Nilaveli Beach,Pigeon Island,Koneswaram Temple,8.5874,81.2152,whale watching,Fort Frederick
dest_017,Bentota Beach,Beaches & Water Sports,Western Province,Galle,Popular beach resort destination with calm waters ideal for water sports. Bentota River meets ocean creating unique ecosystem. Luxury hotels and water activity centers.,November to April,Free,2-5 days,water skiing,jet skiing,river safari,Brief Garden,Lunuganga Estate,Kosgoda Turtle Hatchery,6.4258,79.9951,swimming,
dest_018,Hikkaduwa,Beaches & Marine,Southern Province,Galle,"Vibrant beach town famous for coral reefs, sea turtles, and surfing. Coral sanctuary with glass-bottom boat tours. Active nightlife and beachfront restaurants.",November to April,Free,2-4 days,snorkeling,diving,surfing,Hikkaduwa Coral Sanctuary,Tsunami Museum,Gangarama Maha Vihara,6.1408,80.1036,turtle watching,
dest_019,Jaffna,Cultural & Historical,Northern Province,Jaffna,"Cultural capital of Sri Lankan Tamil community with distinct cuisine, architecture, and traditions. Ancient temples, Dutch fort, and unique cultural experiences.",November to March,N/A (city),2-3 days,cultural exploration,temple visits,local cuisine tasting,Jaffna Fort,Nallur Kandaswamy Temple,Casuarina Beach,9.6615,80.0255,,Delft Island
dest_020,Wilpattu National Park,Wildlife & Nature,North Western Province,Puttalam,"Largest national park in Sri Lanka with unique 'willus' (natural lakes). Dense forest and scrubland habitat for leopards, elephants, and sloth bears.",February to October,USD 25-30 per person plus jeep charges,Half to full day safari,wildlife safari,leopard spotting,bird watching,Anuradhapura,Kalpitiya,Puttalam Lagoon,8.4833,80.0167,camping,
dest_021,Nine Arch Bridge,Historical & Scenic,Uva Province,Badulla,Iconic colonial-era railway bridge built entirely of stone and bricks without steel. Set amidst tea plantations and jungle. Popular photography spot especially during train crossings.,"Year-round, early morning recommended",Free,1-2 hours,photography,train watching,walking,Ella town,Little Adam's Peak,Ravana Falls,6.8714,81.0597,,
dest_022,Pinnawala Elephant Orphanage,Wildlife & Conservation,Sabaragamuwa Province,Kegalle,Conservation center housing orphaned and injured elephants. Famous for elephant bathing sessions in Maha Oya River. Breeding program for Asian elephants.,"Year-round, bathing times 10am and 2pm",LKR 3000 for foreigners,2-3 hours,elephant watching,feeding sessions,river bathing observation,Millennium Elephant Foundation,Kegalle town,Royal Botanical Gardens,7.2974,80.3893,,
dest_023,Minneriya National Park,Wildlife & Nature,North Central Province,Polonnaruwa,Famous for 'The Gathering' - largest meeting of Asian elephants in world (July-September). Ancient Minneriya Tank attracts hundreds of elephants during dry season.,July to September for elephant gathering,USD 25 per person plus jeep charges,Half day safari,elephant watching,wildlife safari,bird watching,Polonnaruwa,Kaudulla National Park,Sigiriya,8.0333,80.8833,,
dest_024,Negombo,Beaches & Fishing,Western Province,Gampaha,"Historic fishing town near airport with Dutch colonial heritage. Active fish market, lagoon, and beach resorts. Gateway for many tourists arriving in Sri Lanka.",November to April,Free,1-2 days,beach relaxation,fish market visits,lagoon tours,Negombo Lagoon,Dutch Fort,St. Mary's Church,7.2083,79.8358,water sports,Muthurajawela Marsh
dest_025,Unawatuna,Beaches & Diving,Southern Province,Galle,Crescent-shaped bay with calm waters perfect for swimming. Coral reefs for snorkeling and diving. Vibrant backpacker scene with beachfront restaurants and bars.,November to April,Free,2-4 days,swimming,snorkeling,diving,Galle Fort,Jungle Beach,Japanese Peace Pagoda,6.0108,80.2497,beach relaxation,Rumassala
dest_026,Tangalle,Beaches & Nature,Southern Province,Hambantota,"Quiet coastal town with pristine beaches and relaxed atmosphere. Turtle nesting sites, lagoons, and unspoiled natural beauty. Less developed than other southern beaches.",December to April,Free,2-4 days,beach relaxation,turtle watching,surfing,Rekawa Beach,Mulkirigala Rock Temple,Kalametiya Bird Sanctuary,6.0235,80.7969,lagoon exploration,
dest_027,Knuckles Mountain Range,Hill Country & Trekking,Central Province,Matale,UNESCO World Heritage Site with unique biodiversity and dramatic landscapes. Named for resemblance to clenched knuckles. Popular trekking destination with multiple trails.,"January to March, August to September",USD 5-10 plus guide fees,1-3 days depending on trek,trekking,camping,bird watching,Corbet's Gap,Mini World's End,Riverston,7.45,80.7833,village tours,Tea plantations
dest_028,Matara,Coastal & Historical,Southern Province,Matara,"Southern coastal city with Dutch fort, beaches, and temples. Important transport hub with mix of colonial heritage and modern Sri Lankan culture.",December to March,Free (city),1-2 days,beach visits,historical exploration,temple tours,Matara Fort,Paravi Duwa Temple,Polhena Beach,5.9549,80.555,,Dondra Head Lighthouse
dest_029,Kalpitiya,Marine & Adventure,North Western Province,Puttalam,"Emerging destination famous for kitesurfing, dolphin and whale watching. Peninsula with lagoons on one side and ocean on other. Pristine beaches and water sports.","May to October for kitesurfing, November to April for dolphin watching",Free,2-4 days,kitesurfing,dolphin watching,snorkeling,Bar Reef,Dutch Fort,Wilpattu National Park,8.2333,79.7667,island hopping,
dest_030,Mihintale,Religious & Historical,North Central Province,Anuradhapura,"Sacred mountain where Buddhism was introduced to Sri Lanka in 3rd century BC. Ancient monastery complex with stupas, caves, and stone inscriptions. Over 1,800 steps to summit.","Year-round, especially June during Poson Poya",LKR 500 for foreigners,3-4 hours,pilgrimage,historical exploration,hiking,Anuradhapura,Aukana Buddha Statue,Avukana Tank,8.3508,80.5069,,
dest_031,Pigeon Island National Park,Marine & Nature,Eastern Province,Trincomalee,Marine national park with best coral reefs in Sri Lanka. Two rocky islets surrounded by clear turquoise waters. Excellent snorkeling and diving with diverse marine life.,May to September,USD 12-15 for foreigners,Half day,snorkeling,diving,swimming,Nilaveli Beach,Trincomalee,Uppuveli Beach,8.7167,81.2167,marine life observation,
dest_032,Ravana Falls,Nature & Scenic,Uva Province,Badulla,Popular waterfall on Colombo-Badulla highway near Ella. Named after legendary King Ravana. Multiple cascades create pool for swimming at base.,"Year-round, best during rainy season",Free,1 hour,waterfall viewing,photography,swimming,Ella town,Ravana Cave,Ella Rock,6.8503,81.0542,,
dest_033,Kandy Lake,Scenic & Cultural,Central Province,Kandy,Artificial lake in heart of Kandy created by last Sinhalese king. Scenic walking path around lake with views of Temple of Tooth and surrounding hills.,Year-round,Free,1-2 hours,walking,photography,bird watching,Temple of Tooth,Royal Palace,Udawattakele Forest Reserve,7.2906,80.6337,relaxation,
dest_034,Kaudulla National Park,Wildlife & Nature,North Central Province,Polonnaruwa,Alternative to Minneriya for elephant gathering. Ancient Kaudulla Tank attracts elephants and water birds. Part of elephant corridor connecting several national parks.,August to December,USD 25 per person plus jeep charges,Half day safari,elephant watching,wildlife safari,bird watching,Minneriya National Park,Polonnaruwa,Habarana,8.1667,80.85,,
dest_035,Weligama Bay,Beaches & Surfing,Southern Province,Matara,Sheltered bay ideal for beginner surfers with consistent gentle waves. Famous for stilt fishermen. Crescent beach with good swimming conditions.,November to April,Free,1-3 days,surfing lessons,swimming,stilt fishing photography,Mirissa,Taprobane Island,Matara,5.9667,80.4333,,
dest_036,Bundala National Park,Wildlife & Bird Sanctuary,Southern Province,Hambantota,"UNESCO Biosphere Reserve and important wetland for migratory waterbirds. Over 197 bird species including flamingos. Elephants, crocodiles, and sea turtles also present.",September to March for migratory birds,USD 15-20 per person plus jeep charges,Half day safari,bird watching,wildlife safari,photography,Yala National Park,Kirinda,Hambantota,6.2,81.2,,
dest_037,Habarana,Nature & Wildlife Hub,North Central Province,Anuradhapura,Central location for accessing Cultural Triangle sites and wildlife parks. Village atmosphere with eco-lodges and safari operators.,Year-round,N/A (village),2-3 days as base,wildlife safaris,cultural tours,village tours,Minneriya,Sigiriya,Polonnaruwa,8.0333,80.75,,Ritigala
dest_038,Peradeniya Royal Botanical Gardens,Nature & Gardens,Central Province,Kandy,"147-acre botanical garden with over 4,000 species of plants. Famous orchid collection, giant bamboo, and palm avenues. Historic gardens dating to 1821.",Year-round,LKR 2000 for foreigners,2-3 hours,garden walking,plant observation,photography,Kandy city,Temple of Tooth,Gadaladeniya Temple,7.2683,80.5981,picnicking,
dest_039,Pasikuda Beach,Beaches & Coastal,Eastern Province,Batticaloa,Shallow bay with calm waters extending 100 meters from shore. Safe swimming and water sports. Pristine white sand beach with turquoise waters.,April to November,Free,2-4 days,swimming,water sports,beach relaxation,Kalkudah Beach,Batticaloa town,Kallady Beach,7.9333,81.55,snorkeling,
dest_040,Mulkirigala Rock Temple,Religious & Historical,Southern Province,Hambantota,"Ancient rock temple with seven levels reached by stone steps. Cave temples with Buddha statues and murals dating back 2,000 years. Panoramic views from summit.",Year-round,LKR 500 for foreigners,2-3 hours,temple exploration,hiking,photography,Tangalle,Rekawa Beach,Weerawila Lake,6.1461,80.7331,historical learning,
dest_041,Ritigala Forest Monastery,Historical & Nature,North Central Province,Anuradhapura,Ancient Buddhist monastery ruins in strict nature reserve. Mysterious forest hermitage with unique architecture. Rich biodiversity with medicinal plants.,Year-round,USD 10 for foreigners,2-3 hours,forest trekking,ruins exploration,meditation,Habarana,Anuradhapura,Sigiriya,8.1167,80.6833,nature walks,
dest_042,Koggala Lake,Nature & Water Activities,Southern Province,Galle,Large coastal lake with islands containing temples and cinnamon plantations. Rich birdlife and mangrove ecosystems. Boat tours available.,November to April,Boat tour charges apply,2-3 hours,boat tours,bird watching,cinnamon island visits,Galle Fort,Unawatuna,Martin Wickramasinghe Museum,5.9833,80.3167,temple visits,
dest_043,Batticaloa,Coastal & Cultural,Eastern Province,Batticaloa,"Eastern coastal city with Dutch fort, lagoon, and unique cultural heritage. Famous for singing fish phenomenon. Gateway to eastern beaches.",May to September,Free (city),1-2 days,lagoon tours,fort visits,beach exploration,Kallady Beach,Batticaloa Lagoon,Pasikuda,7.731,81.6747,cultural immersion,Kalkudah
dest_044,Kumana National Park,Wildlife & Birds,Eastern Province,Ampara,"Important bird sanctuary and extension of Yala National Park. Kumana Villu wetland attracts thousands of waterbirds. Elephants, leopards, and crocodiles also present.",May to July for birds,USD 20-25 per person plus jeep charges,Half day safari,bird watching,wildlife safari,photography,Arugam Bay,Panama,Yala National Park,6.5667,81.6833,,
dest_045,Yapahuwa Rock Fortress,Historical & Archaeological,North Western Province,Kurunegala,13th century rock fortress and former capital. Impressive ornamental stairway and stone carvings. Less crowded alternative to Sigiriya.,Year-round,LKR 500 for foreigners,2-3 hours,rock climbing,historical exploration,photography,Kurunegala,Dambadeniya,Panduwasnuwara,7.9167,80.3667,,
dest_046,Mannar Island,Cultural & Nature,Northern Province,Mannar,"Remote island with unique culture, ancient baobab trees, and bird sanctuaries. Adam's Bridge (Rama Setu) connects to India. Rich marine biodiversity.",October to April,Free,2-3 days,island exploration,bird watching,cultural tours,Talaimannar,Giant's Tank,Thiruketheeswaram Temple,8.9806,79.9044,beach visits,
dest_047,Ambuluwawa Tower,Scenic & Religious,Central Province,Kandy,"Multi-religious complex on mountain peak with spiral tower offering 360-degree views. Unique architecture combining Buddhist, Hindu, Muslim, and Christian elements.","Year-round, clear days best","LKR 100 for locals, higher for foreigners",2-3 hours,tower climbing,panoramic views,photography,Gampola,Kandy,Kadugannawa,7.2167,80.5667,meditation,
dest_048,Pidurangala Rock,Nature & Hiking,Central Province,Matale,Ancient rock temple with easier climb than Sigiriya. Stunning sunrise views with Sigiriya Rock in foreground. Giant reclining Buddha statue.,"Year-round, sunrise climb popular",LKR 500,2-3 hours,hiking,sunrise viewing,photography,Sigiriya,Dambulla,Minneriya,7.9686,80.7564,temple visits,
dest_049,Lipton's Seat,Hill Country & Tea,Uva Province,Badulla,Viewpoint where Sir Thomas Lipton surveyed his tea empire. Panoramic views of southern hill country and plains. Scenic drive through tea plantations.,January to March for clear views,Free,Half day including travel,scenic viewing,photography,tea estate exploration,Haputale,Dambatenne Tea Factory,Adisham Monastery,6.7833,80.9333,,
dest_050,Uda Walawe Reservoir,Nature & Scenic,Sabaragamuwa Province,Ratnapura,Large reservoir within Udawalawe National Park. Scenic water body attracting elephants and waterbirds. Boat rides available in some sections.,Year-round,Included with park entry,Part of safari,wildlife viewing,photography,bird watching,Udawalawe National Park,Elephant Transit Home,,6.45,80.8833,,
dest_051,Kalutara,Beaches & Religious,Western Province,Kalutara,Coastal town famous for large Buddhist stupa (Kalutara Bodhiya) and beaches. Important for manufacturing quality incense. Kalu Ganga river meets ocean here.,November to April,Free,1 day,beach visits,temple visits,water sports,Richmond Castle,Fa Hien Cave,Kalutara Beach,6.5854,79.9607,river activities,
dest_052,Gal Oya National Park,Wildlife & Adventure,Eastern Province,Ampara,Only park in Sri Lanka where boat safaris are conducted. Senanayake Samudraya reservoir. Elephants swim between islands. Remote and less visited.,"March to July, December to January",USD 20-25 per person plus boat charges,Full day,boat safari,elephant watching,trekking,Ampara,Lahugala National Park,Arugam Bay,7.25,81.4,camping,
dest_053,Ravana Cave,Historical & Mythological,Uva Province,Badulla,Cave associated with Ramayana epic where King Ravana supposedly hid Princess Sita. Temple inside cave with Buddha statues. Climb offers views of Ella valley.,Year-round,Small donation,1-2 hours,cave exploration,temple visits,mythology learning,Ravana Falls,Ella town,Dowa Rock Temple,6.855,81.0469,hiking,
dest_054,Dondra Head Lighthouse,Coastal & Historical,Southern Province,Matara,Southernmost point of Sri Lanka with historic lighthouse built in 1889. Tall lighthouse offering coastal views. Near Dondra temple ruins.,Year-round,Small fee for lighthouse climb,1-2 hours,lighthouse climbing,photography,coastal walks,Matara,Dondra Temple,Weligama,5.9233,80.5878,,
dest_055,Ramboda Falls,Nature & Scenic,Central Province,Nuwara Eliya,109-meter high waterfall on Colombo-Nuwara Eliya highway. Series of cascades surrounded by tea plantations. Associated with Ramayana legend.,"Year-round, best during monsoon",Free (viewpoint),30 minutes - 1 hour,waterfall viewing,photography,tea tasting nearby,Nuwara Eliya,Ramboda Tunnel,Labookellie Tea Estate,7.0544,80.7561,,
dest_056,Belilena Cave,Archaeological & Historical,Sabaragamuwa Province,Kegalle,"Prehistoric cave with evidence of human habitation 32,000 years ago. Important archaeological site. Balangoda Man skeletal remains discovered here.",Year-round,Small fee,1-2 hours,cave exploration,archaeological learning,history education,Kitulgala,Kelani River,Makandawa Forest,7.0833,80.4167,,
dest_057,Kitulgala,Adventure & Nature,Sabaragamuwa Province,Kegalle,Adventure capital of Sri Lanka famous for white-water rafting on Kelani River. Rainforest location where 'Bridge on River Kwai' was filmed. Rich birdlife.,May to December for rafting,Activity charges apply,1-2 days,white-water rafting,canyoning,bird watching,Makandawa Forest,Belilena Cave,Kelani Valley,6.9833,80.4167,trekking,
dest_058,Belihuloya,Hill Country & Adventure,Sabaragamuwa Province,Ratnapura,"Small mountain village with stunning scenery and waterfalls. Gateway to Horton Plains. Ideal for hiking, camping, and nature activities.","January to March, July to September",N/A (village),1-2 days,hiking,camping,waterfall visits,Bambarakanda Falls,Horton Plains,Samanalawewa Reservoir,6.7167,80.7333,village tours,
dest_059,Bambarakanda Falls,Nature & Waterfalls,Uva Province,Badulla,Tallest waterfall in Sri Lanka at 263 meters (863 feet). Surrounded by pine forests with trekking trail to base. Remote location with pristine natural beauty.,"March to May, November to December",Small fee,2-3 hours including trek,waterfall viewing,trekking,photography,Belihuloya,Kalupahana,Horton Plains,6.8167,80.9833,nature walks,
dest_060,Madu River,Nature & Eco-tourism,Southern Province,Galle,"Wetland ecosystem with mangroves, islands, and biodiversity. Boat safari through narrow waterways. Cinnamon islands and fish therapy available.",Year-round,Boat tour charges,2-3 hours,boat safari,mangrove exploration,island visits,Balapitiya,Bentota,Hikkaduwa,6.3,80.05,bird watching,
dest_061,Delft Island,Cultural & Remote,Northern Province,Jaffna,"Remote island accessible by boat from Jaffna. Wild ponies, coral walls, Dutch colonial ruins, and unique culture. Baobab trees and ancient Buddhist ruins.",November to March,Ferry charges apply,Full day,island exploration,cultural tours,wildlife watching,Jaffna,Nainativu Island,Kayts,9.5,79.75,photography,
dest_062,Nainativu Island,Religious & Cultural,Northern Province,Jaffna,Sacred island with important Buddhist and Hindu temples. Nagadipa Purana Vihara and Naga Pooshani Amman Temple. Pilgrimage site for both religions.,Year-round,Free (donations accepted),Half day,temple visits,pilgrimage,cultural exploration,Jaffna,Delft Island,Pungudutivu,9.5667,79.8333,,
dest_063,Dickwella Beach,Beaches & Coastal,Southern Province,Matara,Quiet beach with natural rock pools and nearby Wewurukannala Temple. Less crowded southern beach with authentic fishing village atmosphere.,November to April,Free,1-2 days,beach relaxation,swimming,rock pool exploration,Wewurukannala Temple,Hoo-maniya Blowhole,Tangalle,5.9667,80.7,temple visits,
dest_064,Hoo-maniya Blowhole,Natural Wonder,Southern Province,Hambantota,Natural blowhole where waves force water up to 25 meters high through rock formation. Second largest blowhole in world. Impressive during rough seas.,May to September for best displays,Small fee,1 hour,natural phenomenon viewing,photography,coastal walks,Dickwella,Kudawella,Tangalle,5.9475,80.7128,,
dest_065,Kithulgala Rain Forest,Nature & Eco-tourism,Sabaragamuwa Province,Kegalle,Dense tropical rainforest with high biodiversity. Endemic bird species and mammals. Part of Sinharaja buffer zone with trekking opportunities.,"January to April, August to September",Guide fees apply,Half to full day,rainforest trekking,bird watching,wildlife spotting,Kitulgala town,Kelani River,Makandawa Forest,6.99,80.41,nature photography,
dest_066,Casuarina Beach (Karainagar),Beaches & Remote,Northern Province,Jaffna,Beautiful white sand beach lined with casuarina trees. Shallow clear waters ideal for swimming. Remote northern beach with peaceful atmosphere.,November to March,Free,Half day,swimming,beach relaxation,shell collecting,Jaffna,Keerimalai Springs,Point Pedro,9.8167,80.0167,photography,
dest_067,Maduru Oya National Park,Wildlife & Remote,Eastern Province,Ampara,"Remote national park protecting ancient reservoirs and archaeological sites. Elephants, deer, and Vedda settlements. Less visited wilderness area.",February to October,USD 15-20 per person,Full day,wildlife safari,archaeological tours,cultural visits,Mahiyangana,Vedda villages,Gal Oya,7.5,81,camping,
dest_068,Wasgamuwa National Park,Wildlife & Nature,Central Province,Matale,"National park with large elephant herds and diverse wildlife. Mix of grassland, forest, and wetland habitats. Less crowded alternative to popular parks.",June to September,USD 20 per person plus jeep charges,Half day safari,wildlife safari,elephant watching,bird watching,Mahiyangana,Victoria Reservoir,Knuckles Range,7.7333,80.9333,,
dest_069,Nalanda Gedige,Historical & Archaeological,Central Province,Matale,Unique stone building combining Hindu and Buddhist architecture. Ancient structure possibly from 8th-10th century. Only complete stone building from ancient era.,Year-round,LKR 500 for foreigners,1 hour,archaeological exploration,photography,historical learning,Aluvihare Rock Temple,Matale town,Sigiriya,7.6808,80.7439,,
dest_070,Aluvihare Rock Temple,Religious & Historical,Central Province,Matale,Historic temple where Buddhist scriptures were first written down on palm leaves. Cave temple with important religious significance. Ancient library ruins.,Year-round,Free (donations accepted),1-2 hours,temple visits,religious history learning,meditation,Matale town,Nalanda Gedige,Dambulla,7.4833,80.6167,,
dest_071,Buduruwagala,Historical & Archaeological,Uva Province,Monaragala,"Ancient Buddhist rock sculptures carved into cliff face. Seven statues including 16-meter tall Buddha, largest in Sri Lanka. Dating from 9th-10th century.",Year-round,LKR 500 for foreigners,1-2 hours,archaeological exploration,photography,historical study,Wellawaya,Ella,Yala National Park,6.55,81.0833,,
dest_072,Rekawa Beach,Beaches & Conservation,Southern Province,Hambantota,Important sea turtle nesting site for all five species found in Sri Lanka. Night turtle watching tours available. Pristine beach with conservation focus.,"Year-round for turtles, November-April for beach",Turtle watching tour charges,Half day or overnight,turtle watching,beach relaxation,conservation learning,Tangalle,Ussangoda National Park,Kalametiya,6.0667,80.8167,,
dest_073,Ussangoda National Park,Nature & Geology,Southern Province,Hambantota,Unique red-soil coastal plateau with unusual vegetation. Meteorite impact site theory. Sacred site with archaeological findings. Stunning coastal views.,Year-round,Small fee,1-2 hours,geological exploration,photography,coastal walks,Tangalle,Rekawa,Kalametiya Bird Sanctuary,6.1,80.8833,archaeology,
dest_074,Kalametiya Bird Sanctuary,Wildlife & Bird Sanctuary,Southern Province,Hambantota,Coastal lagoon and wetland bird sanctuary. Over 150 bird species including migratory and resident waterbirds. Mangroves and salt marshes.,November to March,Small fee,Half day,bird watching,boat tours,wildlife photography,Tangalle,Rekawa,Ussangoda,6.0833,80.9333,nature walks,
dest_075,Keerimalai Springs,Cultural & Natural,Northern Province,Jaffna,Natural spring-fed pool with religious significance. Hindu temple nearby. Freshwater springs right by the ocean. Local pilgrimage site.,Year-round,Free,1-2 hours,swimming in springs,temple visits,cultural immersion,Nagadipa Temple,Casuarina Beach,Point Pedro,9.85,80.0333,,
dest_076,Talaimannar,Coastal & Historical,Northern Province,Mannar,Northwestern coastal town at tip of Mannar Island. Adam's Bridge begins here. Historic ferry terminal and lighthouse. Pristine beaches.,October to March,Free,1 day,beach visits,lighthouse viewing,fishing,Mannar Island,Adam's Bridge,Baobab trees,9.1167,79.7167,coastal walks,
dest_077,Bogoda Wooden Bridge,Historical & Architecture,Uva Province,Badulla,Ancient wooden cantilever bridge with temple roof. Only remaining covered wooden bridge in Sri Lanka. Dating back to 16th century over Gallanda Oya.,Year-round,Free,30 minutes - 1 hour,historical appreciation,photography,architecture study,Badulla town,Dunhinda Falls,Muthiyangana Temple,6.9833,81.05,,
dest_078,Dunhinda Falls,Nature & Waterfalls,Uva Province,Badulla,63-meter high waterfall creating misty spray. Name means 'smoky waterfall' in Sinhala. Scenic forest walk to reach falls. Popular among locals.,October to May,Small fee,2-3 hours including walk,waterfall viewing,nature walking,photography,Badulla town,Bogoda Bridge,Dhowa Rock Temple,6.97,81.08,swimming,
dest_079,Devon Falls,Nature & Scenic,Central Province,Nuwara Eliya,97-meter waterfall visible from main road between Hatton and Nuwara Eliya. Named after English coffee planter. Surrounded by tea estates.,"Year-round, best during rainy season",Free (roadside viewing),30 minutes,waterfall viewing,photography,tea estate visits,St. Clair's Falls,Nuwara Eliya,Hatton,6.9333,80.6167,,
dest_080,St. Clair's Falls,Nature & Waterfalls,Central Province,Nuwara Eliya,Known as 'Little Niagara of Sri Lanka'. Twin cascades totaling 80 meters. Visible from main road with viewing areas. Set among tea plantations.,"Year-round, best during monsoon",Free (roadside viewing),30-45 minutes,waterfall viewing,photography,tea tasting,Devon Falls,Castlereagh Reservoir,Talawakelle,6.9167,80.6,,
dest_081,Dhowa Rock Temple,Religious & Archaeological,Uva Province,Badulla,Ancient rock temple with unfinished Buddha sculpture carved into rock face. Cave temple with 18th century murals. Believed to date from 1st century BC.,Year-round,Free (donations accepted),1 hour,temple visits,archaeological exploration,photography,Ella,Bandarawela,Ravana Falls,6.8333,80.9833,,
dest_082,Embekke Devalaya,Cultural & Architecture,Central Province,Kandy,14th century temple famous for intricate wood carvings. Hundreds of carved wooden pillars with unique designs. Important example of Kandyan architecture.,Year-round,LKR 500 for foreigners,1-2 hours,temple visits,wood carving appreciation,photography,Lankatilaka Temple,Gadaladeniya Temple,Kandy,7.2,80.5167,,
dest_083,Lankatilaka Temple,Religious & Historical,Central Province,Kandy,Ancient temple built on rock outcrop with Sinhalese and South Indian architectural features. Dating from 14th century. Stunning valley views.,Year-round,LKR 300 for foreigners,1 hour,temple visits,historical exploration,photography,Embekke Devalaya,Gadaladeniya Temple,Kandy,7.1989,80.5353,scenic views,
dest_084,Gadaladeniya Temple,Religious & Historical,Central Province,Kandy,14th century stone temple with South Indian architectural influence. Built on rock with panoramic views. Important ancient Buddhist temple.,Year-round,LKR 300 for foreigners,1 hour,temple visits,historical study,architecture appreciation,Lankatilaka Temple,Embekke Devalaya,Kandy,7.2047,80.5369,,
dest_085,Seenigama Devalaya,Religious & Coastal,Southern Province,Galle,Hindu temple on small island connected by bridge to coast. Colorful architecture visible from Colombo-Galle road. Sacred to both Buddhists and Hindus.,Year-round,Free (donations accepted),30 minutes - 1 hour,temple visits,cultural exploration,photography,Hikkaduwa,Kosgoda,Bentota,6.1333,80.0667,,
dest_086,Kosgoda Turtle Hatchery,Conservation & Wildlife,Southern Province,Galle,Sea turtle conservation project protecting eggs and hatchlings. Five turtle species. Educational tours and release programs. Active conservation efforts.,Year-round,LKR 1000-1500,1-2 hours,turtle watching,conservation learning,hatchling release,Bentota,Balapitiya,Madu River,6.3333,80.0167,education,
dest_087,Barberyn Island (Beruwala),Historical & Coastal,Western Province,Kalutara,Small island with historic lighthouse built in 1889. Island monastery and retreat center. Accessible by boat. Peaceful meditation destination.,November to April,Boat charges apply,Half day,island exploration,lighthouse visits,meditation,Beruwala Beach,Aluthgama,Brief Garden,6.4667,79.9833,swimming,
dest_088,Brief Garden,Gardens & Art,Western Province,Kalutara,Landscaped garden and former home of artist Bevis Bawa. Sculpture garden with art collection. Tropical paradise with unique design aesthetics.,Year-round,LKR 1500 for foreigners,1-2 hours,garden walking,art appreciation,photography,Bentota,Aluthgama,Lunuganga Estate,6.4167,80.0167,landscape design study,
dest_089,Lunuganga Estate,Gardens & Architecture,Western Province,Kalutara,Garden estate of architect Geoffrey Bawa. Beautiful landscape design with sculptures and water features. Important example of tropical modernism.,Year-round,LKR 2000 for foreigners (by appointment),2-3 hours,garden tours,architecture appreciation,photography,Bentota,Brief Garden,Beruwala,6.4167,80,art viewing,
dest_090,Dediy agala (Virgin White Rock),Nature & Scenic,Sabaragamuwa Province,Kegalle,White limestone cliff formation near Aranayake. Popular viewpoint with panoramic views. Easier alternative to other rock climbs. Sunset views.,"Year-round, clear days best",Free,2-3 hours including climb,hiking,photography,scenic viewing,Aranayake,Kegalle,Ambuluwawa,7.1833,80.5333,,
dest_091,Pidurutalagala,Hill Country & Nature,Central Province,Nuwara Eliya,"Highest mountain in Sri Lanka at 2,524 meters (8,281 feet). Communication tower at summit. Restricted area requiring permission. Surrounded by tea estates.",January to March,Permission required,Half day,mountain viewing,photography,tea estate visits,Nuwara Eliya,Hakgala Botanical Gardens,Pedro Tea Estate,6.9833,80.7667,,
dest_092,Hakgala Botanical Gardens,Nature & Gardens,Central Province,Nuwara Eliya,"Second largest botanical garden in Sri Lanka. Alpine plants, roses, orchids. Associated with Ramayana legend. Cool climate garden at 1,745 meters elevation.","Year-round, best April-August",LKR 2000 for foreigners,2-3 hours,garden walking,plant observation,photography,Nuwara Eliya,Seetha Amman Temple,Hakgala Strict Nature Reserve,6.9167,80.8,picnicking,
dest_093,Seetha Amman Temple,Religious & Mythological,Central Province,Nuwara Eliya,Hindu temple dedicated to Goddess Sita from Ramayana epic. Believed site where Sita was held captive. Sacred footprints on rock. Pilgrimage site.,Year-round,Free (donations accepted),1 hour,temple visits,religious rituals,mythology learning,Hakgala Gardens,Nuwara Eliya,Ravana Falls,6.9333,80.8,photography,
dest_094,Kelaniya Raja Maha Vihara,Religious & Cultural,Western Province,Gampaha,Ancient Buddhist temple near Colombo visited by Buddha. Beautiful murals and architecture. Important pilgrimage site with annual Duruthu Perahera festival.,"Year-round, especially January for Perahera",Free (donations accepted),1-2 hours,temple visits,religious ceremonies,mural viewing,Colombo,Beddagana Wetland,Diyatha Uyana,6.9553,79.9219,cultural exploration,
dest_095,Gangaramaya Temple,Religious & Cultural,Western Province,Colombo,"Famous Buddhist temple in Colombo with museum, library, and residential halls. Mix of modern and traditional architecture. Hosts annual Navam Perahera.",Year-round,LKR 300 for foreigners,1-2 hours,temple visits,museum exploration,cultural learning,Beira Lake,Seema Malaka,Colombo city,6.9167,79.8556,meditation,
dest_096,Viharamahadevi Park,Urban Parks & Recreation,Western Province,Colombo,"Largest park in Colombo with children's play areas, walking paths, and giant Buddha statue. Historical colonial park formerly named Victoria Park.","Year-round, early morning or evening",Free,1-2 hours,walking,jogging,picnicking,National Museum,Town Hall,Independence Square,6.9147,79.8611,children's activities,
dest_097,National Museum Colombo,Museums & Culture,Western Province,Colombo,"Largest museum in Sri Lanka with extensive collection of artifacts, royal regalia, and historical exhibits. Colonial-era building housing national treasures.",Year-round,LKR 1000 for foreigners,2-3 hours,museum tours,historical learning,artifact viewing,Viharamahadevi Park,Town Hall,Gangaramaya Temple,6.9108,79.8608,cultural education,
dest_098,Galle Face Green,Urban Parks & Coastal,Western Province,Colombo,"Historic urban park along Colombo coast. Popular evening hangout for locals. Street food vendors, kite flying, and ocean views. Colonial-era promenade.","Year-round, evenings best",Free,1-2 hours,walking,kite flying,street food tasting,Galle Face Hotel,Old Parliament,Beira Lake,6.9271,79.8458,sunset viewing,
dest_099,Independence Square,Historical & Cultural,Western Province,Colombo,National monument commemorating Sri Lanka's independence from British rule. Independence Memorial Hall with Kandyan architecture. Popular jogging area.,"Year-round, early morning best",Free,1 hour,historical viewing,photography,walking,National Museum,Viharamahadevi Park,Race Course,6.9033,79.8689,jogging,
dest_100,Pettah Market,Markets & Shopping,Western Province,Colombo,"Bustling historic market area with narrow streets and diverse goods. Textiles, spices, electronics, and local products. Authentic local shopping experience.","Year-round, weekday mornings",Free,2-3 hours,shopping,market exploration,bargaining,Old Town Hall,Red Mosque,Dutch Period Museum,6.9395,79.8553,cultural immersion,
dest_101,Colombo Fort,Historical & Urban,Western Province,Colombo,Historic colonial district with financial and commercial buildings. Mix of old Dutch and British colonial architecture. Central business district.,Year-round,Free (district),Half day,walking tours,colonial architecture viewing,photography,Galle Face Green,Pettah,Old Parliament,6.9344,79.8428,dining,
dest_102,Beira Lake,Urban Nature & Recreation,Western Province,Colombo,"Large lake in heart of Colombo city. Seema Malaka temple on water, boat rides, and walking paths. Popular for evening strolls and recreation.","Year-round, evenings preferred",Free (boat rides extra),1-2 hours,boat rides,walking,bird watching,Gangaramaya Temple,Seema Malaka,Colombo city,6.9167,79.8556,temple visits,
dest_103,Lotus Tower,Modern Landmarks,Western Province,Colombo,Tallest self-supported structure in South Asia at 350 meters. Observation deck with panoramic Colombo views. Modern architectural landmark shaped like lotus.,"Year-round, clear days best",LKR 2000-3000 for viewing deck,1-2 hours,observation deck visits,city views,photography,Beira Lake,D.R. Wijewardena Memorial,Colombo city,6.9271,79.8553,dining,
dest_104,Muthurajawela Marsh,Nature & Wetlands,Western Province,Gampaha,"Coastal wetland sanctuary near Negombo. Rich biodiversity with mangroves, waterbirds, and wildlife. Boat safari tours through marshland channels.","Year-round, early morning best",Boat tour charges apply,2-3 hours,boat safaris,bird watching,wildlife spotting,Negombo,Hamilton Canal,Negombo Lagoon,7.0833,79.8333,photography,
dest_105,Aukana Buddha Statue,Religious & Archaeological,North Central Province,Anuradhapura,Giant standing Buddha statue carved from granite rock. 12 meters tall dating from 5th century. One of finest ancient statues in Sri Lanka. Serene facial expression.,"Year-round, early morning for best light",LKR 500 for foreigners,1-2 hours,statue viewing,photography,meditation,Kalawewa Reservoir,Anuradhapura,Mihintale,8.1167,80.5667,historical appreciation,
dest_106,Avukana Buddha Statue,Religious & Archaeological,North Central Province,Anuradhapura,Ancient standing Buddha statue similar to Aukana. Carved from rock face in 5th century. Alternative name 'Aukana'. Impressive craftsmanship.,Year-round,LKR 300 for foreigners,1 hour,statue viewing,photography,religious observation,Aukana,Kalawewa,Anuradhapura,8.1,80.55,,
dest_107,Isurumuniya Temple,Religious & Archaeological,North Central Province,Anuradhapura,Rock temple in Anuradhapura with famous Isurumuniya Lovers sculpture. Ancient pool and cave temple. Important archaeological and artistic site.,Year-round,Included with Anuradhapura ticket,1 hour,temple visits,sculpture viewing,archaeology,Anuradhapura Sacred City,Tissa Wewa,Ruwanwelisaya,8.3436,80.3983,photography,
dest_108,Abhayagiri Dagoba,Religious & Historical,North Central Province,Anuradhapura,Ancient Buddhist monastery complex and massive stupa in Anuradhapura. Once 115 meters tall. Extensive ruins of monastery buildings and sculptures.,Year-round,Included with Anuradhapura ticket,2-3 hours,historical exploration,stupa viewing,ruins walking,Anuradhapura,Samadhi Buddha Statue,Jetavanaramaya,8.3581,80.3981,meditation,
dest_109,Ruwanwelisaya,Religious & Historical,North Central Province,Anuradhapura,Great white stupa in Anuradhapura built by King Dutugemunu. Major pilgrimage site. Elephant wall surrounding base. Important Buddhist monument.,Year-round,Included with Anuradhapura ticket,1-2 hours,religious observation,pilgrimage,architecture viewing,Anuradhapura,Sri Maha Bodhi,Abhayagiri,8.345,80.3967,meditation,
dest_110,Sri Maha Bodhi,Religious & Sacred,North Central Province,Anuradhapura,"Sacred fig tree grown from cutting of original Bodhi tree under which Buddha attained enlightenment. Over 2,000 years old. Most sacred Buddhist site in Sri Lanka.",Year-round,Included with Anuradhapura ticket,1 hour,religious observation,pilgrimage,meditation,Ruwanwelisaya,Brazen Palace,Thuparamaya,8.3439,80.3967,photography,
dest_111,Little Adam's Peak,Nature & Hiking,Uva Province,Badulla,Easy hiking trail near Ella with stunning 360-degree views. Named for resemblance to Adam's Peak. Popular sunrise and sunset spot. Takes 30-45 minutes to climb.,"Year-round, early morning or late afternoon",Free,1-2 hours,hiking,sunrise/sunset viewing,photography,Ella town,Nine Arch Bridge,Ella Rock,6.8733,81.0383,scenic views,
dest_112,Ella Rock,Nature & Trekking,Uva Province,Badulla,Challenging trek through tea plantations and forest to rocky summit. Panoramic views of Ella Gap and surrounding valleys. Takes 2-3 hours one way.,"January to April, clear mornings",Free (guide recommended),4-5 hours round trip,trekking,hiking,photography,Ella town,Little Adam's Peak,Ravana Falls,6.865,81.0267,scenic views,
dest_113,Lovers Leap Waterfall (Ella),Nature & Scenic,Uva Province,Badulla,Waterfall near Ella with tragic love story legend. Accessible via short walk. Good views from tea estate. Also known as Ella Falls.,"Year-round, best after rains",Free,1 hour,waterfall viewing,photography,short walks,Ella town,Rawana Falls,Little Adam's Peak,6.8733,81.0417,,
dest_114,Demodara Nine Arch Bridge (alternate view),Historical & Engineering,Uva Province,Badulla,Best viewing spots and different angles of iconic Nine Arch Bridge. Walking paths through tea plantations. Train schedule viewing opportunities.,"Year-round, train times 6:30am, 11:40am, 2:30pm",Free,1-2 hours,train photography,bridge viewing,tea plantation walks,Ella town,Demodara Loop,Halpe,6.8725,81.0592,,
dest_115,Demodara Railway Station Loop,Engineering & Historical,Uva Province,Badulla,Unique railway engineering where track loops under itself through tunnel. Only place in Sri Lanka with such design. Near Nine Arch Bridge.,Year-round,Free,30 minutes,railway viewing,photography,engineering appreciation,Nine Arch Bridge,Ella,Demodara Station,6.8767,81.06,,
dest_116,Bolgoda Lake,Water Sports & Nature,Western Province,Colombo,Coastal district capital with beaches and war memorials. Historically significant location. Coastal beauty and fishing communities.,November to March,Free (town),1 day,beach visits,memorial tours,fishing village exploration,Nanthi Kadal Lagoon,War memorials,Beaches,9.2667,80.8167,coastal walks,
dest_156,Point Pedro,Coastal & Landmarks,Northern Province,Jaffna,Northernmost point of Sri Lanka. Lighthouse and coastal scenery. Fishing village atmosphere.,November to March,Free,Half day,lighthouse visits,coastal walks,fishing village tours,Jaffna,Valvettithurai,Casuarina Beach,9.8167,80.2333,geography milestone,
dest_157,Nallur Kandaswamy Temple,Religious & Cultural,Northern Province,Jaffna,Most important Hindu temple in Jaffna. Dedicated to Lord Murugan. Grand annual festival with chariot processions.,"Year-round, festival July-August",Free (donations accepted),1-2 hours,temple visits,religious ceremonies,festival participation,Jaffna Fort,Jaffna Public Library,Yamuna Eri,9.6811,80.025,cultural immersion,
dest_158,Jaffna Fort,Historical & Military,Northern Province,Jaffna,Dutch colonial fort with Portuguese origins. Largest fort in Sri Lanka. Recently restored with museum and rampart walks.,Year-round,LKR 500 for foreigners,2 hours,fort exploration,historical learning,rampart walks,Jaffna town,Nallur Temple,Jaffna Library,9.6614,80.0081,museum visits,
dest_159,Jaffna Public Library,Cultural & Historical,Northern Province,Jaffna,Historic library rebuilt after 1981 burning. Symbol of Tamil culture and knowledge. Beautiful Indo-Saracenic architecture.,Year-round,Free,1 hour,library visits,architecture viewing,cultural learning,Nallur Temple,Jaffna Fort,Yamuna Eri,9.6667,80.0167,reading,
dest_160,Matale Town,Urban & Spice,Central Province,Matale,District capital famous for spice gardens. Hindu temples and colonial heritage. Gateway to Cultural Triangle.,Year-round,Free (town),Half day,spice garden tours,temple visits,market exploration,Aluvihare,Nalanda Gedige,Sembuwatta Lake,7.4675,80.6234,local cuisine,
dest_161,Sembuwatta Lake,Nature & Scenic,Central Province,Matale,"Natural mountain lake surrounded by tea estates and pine forests. Swimming, picnicking, and boat rides available.",Year-round,LKR 400,2-3 hours,swimming,boating,picnicking,Matale,Riverston,Knuckles Range,7.4333,80.75,photography,
dest_162,Riverston,Nature & Viewpoints,Central Province,Matale,Scenic plateau with Mini World's End cliff viewpoint. Cloud forests and biodiversity. Part of Knuckles buffer zone.,January to March,Small fee,Half day,viewpoint visits,hiking,photography,Knuckles Range,Matale,Illukkumbura,7.5167,80.7667,nature walks,
dest_163,Gampola,Historical & Urban,Central Province,Kandy,Ancient capital of Sri Lanka in 14th century. Historical temples and colonial buildings. Important railway junction.,Year-round,Free (town),Half day,temple visits,historical exploration,town walks,Ambuluwawa,Lankatilaka Temple,Kandy,7.1644,80.5772,colonial architecture,
dest_164,Mahiyanganaya,Religious & Rural,Uva Province,Badulla,Ancient town with temple believed visited by Buddha. Gateway to Maduru Oya Park. Vedda cultural center.,Year-round,Free (town),1 day,temple visits,Vedda culture learning,market exploration,Maduru Oya,Sorabora Lake,Victoria Dam,7.3333,81,river views,
dest_165,Sorabora Wewa,Historical & Engineering,Uva Province,Badulla,Ancient reservoir with unique sluice design. Engineering marvel from 2nd century. Legend of giant Bulatha involvement.,Year-round,Free,1-2 hours,reservoir viewing,engineering study,bird watching,Mahiyanganaya,Victoria Dam,Maduru Oya,7.3667,81.0167,photography,
dest_166,Victoria Dam & Reservoir,Engineering & Scenic,Central Province,Kandy,Largest hydroelectric dam in Sri Lanka. Scenic reservoir surrounded by mountains. Victoria Park and gardens nearby.,Year-round,Free,2-3 hours,dam viewing,reservoir walks,photography,Teldeniya,Mahiyanganaya,Randenigala Dam,7.2167,80.9833,park visits,
dest_167,Teldeniya,Rural & Scenic,Central Province,Kandy,Small town near Victoria Dam with river views. Base for exploring Mahaweli development. Agricultural area.,Year-round,Free (town),Half day,town walks,river viewing,village tours,Victoria Dam,Mahaweli River,Knuckles foothills,7.3,80.9,dam visits,
dest_168,Kotmale Reservoir,Engineering & Nature,Central Province,Nuwara Eliya,Hydroelectric reservoir in beautiful mountain setting. Part of Mahaweli development. Scenic mountain backdrop.,Year-round,Free,1-2 hours,reservoir viewing,photography,scenic drives,Ramboda,Nuwara Eliya,Tea estates,7.0333,80.6167,bird watching,
dest_169,Castlereagh Reservoir,Scenic & Nature,Central Province,Nuwara Eliya,Picturesque reservoir surrounded by tea estates. Cool climate and misty conditions. Popular picnic spot.,Year-round,Free,1-2 hours,scenic viewing,photography,picnicking,Hatton,St. Clair's Falls,Devon Falls,6.9167,80.5833,tea estate walks,
dest_170,Hatton,Hill Country Town,Central Province,Nuwara Eliya,Tea estate town and base for Adam's Peak climb. Tamil tea workers' culture. Cool mountain climate.,December to April,Free (town),1 day,tea estate tours,town exploration,Adam's Peak preparation,Adam's Peak,Castlereagh,Nuwara Eliya,6.8917,80.5956,cultural immersion,
dest_171,Maskeliya,Tea Country & Reservoirs,Central Province,Nuwara Eliya,Tea plantation area near Adam's Peak base. Multiple reservoirs including Canyon Falls viewpoint. Scenic mountain drives.,December to April,Free,1 day,tea estate visits,reservoir viewing,waterfall spotting,Adam's Peak,Hatton,Laxapana Falls,6.8333,80.5333,scenic drives,
dest_172,Laxapana Falls,Waterfalls & Power,Central Province,Nuwara Eliya,126-meter waterfall feeding hydroelectric power station. Seventh tallest in Sri Lanka. Misty mountain setting.,October to March,Free,1-2 hours,waterfall viewing,photography,nature walks,Maskeliya,Adam's Peak,Hatton,6.8667,80.5,power station viewing,
dest_173,Talawakelle,Tea Estate Town,Central Province,Nuwara Eliya,Tea plantation town between Hatton and Nuwara Eliya. Colonial bungalows and tea factories. Cool climate.,Year-round,Free (town),Half day,tea factory tours,estate walks,colonial architecture,St. Clair's Falls,Devon Falls,Great Western,6.9361,80.6564,tea tasting,
dest_174,Kotagala,Tea & Nature,Central Province,Nuwara Eliya,Small tea estate town with beautiful scenery. Aberdeen Falls nearby. Less touristy hill country location.,Year-round,Free (town),Half day,tea estate tours,waterfall visits,nature walks,Aberdeen Falls,Norton Plains,Nuwara Eliya,6.9722,80.6278,bird watching,
dest_175,Aberdeen Falls,Waterfalls & Trekking,Central Province,Nuwara Eliya,98-meter waterfall requiring moderate trek through tea estates. Less visited than other major falls. Natural pool at base.,October to March,Small fee,3-4 hours including trek,waterfall trekking,swimming,photography,Kotagala,Ginigathena,Tea estates,6.9667,80.65,nature walks,
dest_176,Nanu Oya,Railway & Transit,Central Province,Nuwara Eliya,Railway station serving Nuwara Eliya. Scenic train journey endpoint from Kandy. Cool climate junction town.,Year-round,Free (station),Transit point,train journeys,railway photography,station viewing,Nuwara Eliya,Horton Plains,Gregory Lake,6.95,80.7667,tea estate walks,
dest_177,Ambewela,Dairy Farms & Scenic,Central Province,Nuwara Eliya,Highland plateau with dairy farms and grasslands. New Zealand-like landscape. Ambewela Farm produces milk for island.,Year-round,Free (farm tours extra),Half day,farm tours,scenic viewing,photography,Horton Plains,Pattipola,Ohiya,6.85,80.7833,countryside walks,
dest_178,Pattipola,Railway & Scenic,Central Province,Nuwara Eliya,"Highest railway station in Sri Lanka at 1,898 meters. Scenic mountain plateau. Cold climate and misty conditions.",Year-round,Free,1 hour,railway viewing,scenic photography,altitude milestone,Horton Plains,Ambewela,Ohiya,6.8333,80.8,train journeys,
dest_179,Ohiya,Trekking Gateway,Uva Province,Badulla,Small mountain village and trail start for Horton Plains trek. Beautiful highland scenery. Remote and peaceful.,January to March,Free (village),Day use or overnight,trekking preparation,village exploration,scenic viewing,Horton Plains,Bambarakanda,Haputale,6.8,80.8167,train journeys,
dest_180,Kalupahana,Waterfalls & Remote,Uva Province,Badulla,Remote village near Bambarakanda Falls. Highland farming community. Base for waterfall treks.,March to May,Free (village),1 day,waterfall visits,village tours,rural experience,Bambarakanda,Belihuloya,Ohiya,6.8,80.9667,hiking,
dest_181,Koslanda,Hill Country Village,Uva Province,Badulla,Small village near Diyaluma Falls. Tea estates and rural life. Base for waterfall exploration.,Year-round,Free (village),Half day,village tours,waterfall access,tea estate walks,Diyaluma Falls,Wellawaya,Haputale,6.65,81.0333,rural life observation,
dest_182,Passara,Rural & Scenic,Uva Province,Badulla,Small town near Namunukula mountain range. Agricultural center with scenic surroundings. Gateway to hiking areas.,Year-round,Free (town),Half day,town exploration,market visits,mountain viewing,Namunukula,Lunugala,Badulla,6.9833,81.1667,hiking preparation,
dest_183,Namunukula Mountain Range,Mountain & Trekking,Uva Province,Badulla,Mountain range with trekking trails and panoramic views. Less visited than other peaks. Rich biodiversity.,January to March,Small fee,Full day trek,mountain trekking,camping,photography,Passara,Lunugala,Badulla,6.95,81.1333,nature observation,
dest_184,Hambantota Town,Urban & Development,Southern Province,Hambantota,District capital with new port and airport. Developing city with modern infrastructure. Gateway to southern wildlife parks.,Year-round,Free (city),1 day,city exploration,port viewing,market visits,Bundala,Yala,Tissamaharama,6.1241,81.1185,development observation,
dest_185,Tissamaharama,Historical & Wildlife Gateway,Southern Province,Hambantota,Ancient capital and gateway to Yala. Tissa Wewa reservoir and Buddhist dagobas. Safari base town.,Year-round,Free (town),1-2 days,safari preparation,temple visits,reservoir walks,Yala,Kirinda,Kataragama,6.2833,81.2833,town exploration,
dest_186,Kataragama,Religious & Sacred,Uva Province,Monaragala,"Sacred multi-religious pilgrimage town. Hindu, Buddhist, and indigenous worship. Major annual Esala festival.","Year-round, July-August for festival",Free (town),1 day,temple visits,religious ceremonies,river bathing,Yala,Tissamaharama,Sella Kataragama,6.4167,81.3333,festival participation,
dest_187,Kirinda,Coastal & Religious,Southern Province,Hambantota,Coastal village with rock temple overlooking ocean. Viharaya Temple and Queen Viharamahadevi legend. Beach and surf spot.,Year-round,Free,Half day,temple visits,beach walks,ocean views,Yala,Tissamaharama,Panama,6.2833,81.4333,surfing,
dest_188,Ambalantota,Rural & Coastal,Southern Province,Hambantota,Small town between Tangalle and Hambantota. Agricultural center and curd production. Rural Sri Lankan life.,Year-round,Free (town),Half day,town visits,curd tasting,market exploration,Weerawila,Tangalle,Hambantota,6.2333,81.0333,rural observation,
dest_189,Weerawila,Nature & Bird Sanctuary,Southern Province,Hambantota,Town with large bird sanctuary on reservoir. Migratory and resident waterbirds. Fishing community.,November to March,Small fee for bird sanctuary,Half day,bird watching,boat tours,fishing observation,Tissamaharama,Bundala,Hambantota,6.2833,81.2333,nature photography,
dest_190,Beliatta,Rural & Historical,Southern Province,Hambantota,Small agricultural town near Walawe River. Birthplace of former president. Rural southern character.,Year-round,Free (town),Few hours,town visits,river viewing,rural experience,Angunakolapelessa,Hambantota,Udawalawe,6.0333,80.7333,local cuisine,
dest_191,Angunakolapelessa,Transit & Rural,Southern Province,Hambantota,Junction town connecting south to hill country. Agricultural area with paddy fields. Rest stop on travels.,Year-round,Free (town),Transit stop,rest stop,local dining,market visits,Udawalawe,Embilipitiya,Southern highways,6.1,80.9167,transit junction,
dest_192,Embilipitiya,Rural & Gateway,Sabaragamuwa Province,Ratnapura,Town gateway to Udawalawe Park. Agricultural center. Transit point between south and hill country.,Year-round,Free (town),Half day,town exploration,market visits,safari preparation,Udawalawe,Angunakolapelessa,Ratnapura,6.3417,80.8508,local dining,
dest_193,Balangoda,Historical & Town,Sabaragamuwa Province,Ratnapura,Hill country town with prehistoric significance. Balangoda Man discovery site. Tea and rubber estates.,Year-round,Free (town),Half day,town visits,archaeological interest,estate tours,Samanalawewa,Adam's Peak route,Tea estates,6.65,80.7,local culture,
dest_194,Samanalawewa Reservoir,Scenic & Engineering,Sabaragamuwa Province,Ratnapura,Beautiful mountain reservoir for hydroelectricity. Scenic location on Adam's Peak approach. Fishing and boating.,Year-round,Free,1-2 hours,scenic viewing,photography,picnicking,Balangoda,Adam's Peak,Belihuloya,6.7667,80.7167,reservoir walks,
dest_195,Pelmadulla,Rural & Junction,Sabaragamuwa Province,Ratnapura,Junction town on Colombo-Ratnapura road. Agricultural market center. Transit point for travelers.,Year-round,Free (town),Transit point,rest stop,market visits,local food,Ratnapura,Adam's Peak routes,Sinharaja,6.7167,80.5333,junction transit,
dest_196,Bolgoda Lake,Lakes & Water Sports,Western Province,Colombo,"Largest lake in Western Province with water sports facilities. Popular for jet skiing, kayaking, and boat rides. Mangrove ecosystems and birdlife.",Year-round,Water sports charges apply,Half day,water skiing,kayaking,boat rides,Moratuwa,Mount Lavinia,Panadura,6.7833,79.9,bird watching,
dest_117,Mount Lavinia Beach,Beaches & Urban,Western Province,Colombo,"Popular beach in Colombo suburbs with colonial heritage. Mount Lavinia Hotel overlooks beach. Swimming, dining, and sunset views.",November to April,Free,Half day,swimming,beach walks,dining,Mount Lavinia Hotel,Dehiwala Zoo,Colombo,6.8381,79.8631,sunset viewing,
dest_118,Dehiwala Zoo,Wildlife & Family,Western Province,Colombo,"National Zoological Gardens with diverse animal collection. Elephant shows, aquarium, and butterfly garden. Popular family destination.","Year-round, weekdays less crowded",LKR 3000 for foreigners,3-4 hours,animal viewing,educational tours,elephant shows,Mount Lavinia,Colombo,Bolgoda Lake,6.8517,79.8758,aquarium visits,
dest_119,Diyaluma Falls,Waterfalls & Nature,Uva Province,Badulla,Second highest waterfall in Sri Lanka at 220 meters. Natural infinity pools at top with stunning views. Popular swimming spot.,March to September,Free,3-4 hours including trek,waterfall viewing,swimming,hiking,Koslanda,Wellawaya,Buduruwagala,6.6333,81.0333,photography,
dest_120,Hanthana Mountain Range,Hill Country & Trekking,Central Province,Kandy,Seven peaks near Kandy offering various hiking trails. Panoramic views of Kandy city and surrounding valleys. Rich biodiversity.,"January to March, July to September",Free,4-6 hours per trail,hiking,trekking,bird watching,Kandy,Udawattakele,Peradeniya Gardens,7.25,80.6333,photography,
dest_121,Udawattakele Forest Reserve,Nature & Wildlife,Central Province,Kandy,"Historic forest reserve on hill ridge overlooking Kandy. Royal forest with walking trails, diverse wildlife, and ancient trees.","Year-round, early morning best",LKR 500 for foreigners,2-3 hours,forest walking,bird watching,wildlife spotting,Kandy city,Temple of Tooth,Kandy Lake,7.3,80.64,meditation,
dest_122,Kurunegala,Urban & Historical,North Western Province,Kurunegala,District capital with giant rock formations. Ethagala (Elephant Rock) dominates skyline. Buddhist temples and colonial buildings.,Year-round,Free (city),1-2 days,rock viewing,temple visits,city exploration,Ethagala,Yapahuwa,Dambadeniya,7.4833,80.3667,rock climbing,
dest_123,Ethagala (Elephant Rock),Nature & Landmarks,North Western Province,Kurunegala,Massive rock formation resembling elephant. Dominates Kurunegala skyline. Short hike to viewpoint offers city panorama.,"Year-round, sunrise/sunset best",Free,1-2 hours,hiking,photography,city views,Kurunegala city,Ibbagala,Yakdessagala,7.4875,80.3642,sunrise viewing,
dest_124,Dambadeniya Ancient Kingdom,Historical & Archaeological,North Western Province,Kurunegala,"Medieval capital of Sri Lanka in 13th century. Ruins of royal palace, tooth relic temple, and ancient reservoirs.",Year-round,LKR 500 for foreigners,2-3 hours,historical exploration,ruins viewing,archaeology,Yapahuwa,Kurunegala,Panduwasnuwara,7.65,80.15,photography,
dest_125,Panduwasnuwara,Historical & Archaeological,North Western Province,Kurunegala,Ancient kingdom ruins with moat and palace remains. 12th century capital. Well-preserved citadel and tank system.,Year-round,LKR 300,2 hours,ruins exploration,historical learning,photography,Dambadeniya,Yapahuwa,Kurunegala,7.6833,80.1167,moat viewing,
dest_126,Chilaw,Coastal & Religious,North Western Province,Puttalam,Coastal town famous for Munneswaram Temple and lagoon. Fishing industry center. Gateway to Kalpitiya.,Year-round,Free (town),1 day,temple visits,lagoon tours,fish market visits,Munneswaram Temple,Chilaw Lagoon,Marawila Beach,7.5756,79.7953,beach walks,
dest_127,Munneswaram Temple,Religious & Cultural,North Western Province,Puttalam,Ancient Hindu temple complex with five temples. Important pilgrimage site. Associated with Ramayana legend. Annual festivals.,"Year-round, festival times special",Free (donations accepted),1-2 hours,temple visits,religious rituals,cultural exploration,Chilaw,Marawila,Puttalam,7.5872,79.7883,festival participation,
dest_128,Anamaduwa,Rural & Agricultural,North Western Province,Puttalam,Agricultural town known for pottery and traditional crafts. Ancient reservoirs and rural village experience.,Year-round,Free,Half day,pottery workshops,village tours,craft shopping,Wilpattu entrance,Puttalam,Kalpitiya,8.0333,79.9,reservoir visits,
dest_129,Ratnapura Gem Mines,Mining & Cultural,Sabaragamuwa Province,Ratnapura,"Gem mining capital of Sri Lanka. Visit working gem pits, museums, and trading centers. Famous for sapphires and rubies.","Year-round, dry season better for mines",Tour charges vary,Half day,gem mine tours,museum visits,gem shopping,Ratnapura town,Sinharaja,Adam's Peak,6.6828,80.4,mining observation,
dest_130,Maha Saman Devalaya,Religious & Cultural,Sabaragamuwa Province,Ratnapura,Important Buddhist-Hindu temple dedicated to deity Saman. Gateway to Adam's Peak pilgrimage. Annual Esala Perahera festival.,"Year-round, festival season special",Free (donations accepted),1-2 hours,temple visits,religious ceremonies,festival participation,Ratnapura,Adam's Peak,Gem Museum,6.6833,80.4,cultural learning,
dest_131,Bopath Ella Falls,Waterfalls & Nature,Sabaragamuwa Province,Ratnapura,Waterfall shaped like Bo leaf (sacred fig). 30 meters high with natural pool. Easy access from road. Legend of cursed treasure.,October to May,Small fee,1 hour,waterfall viewing,photography,picnicking,Ratnapura,Kuruwita,Palabaddala,6.7333,80.3833,swimming,
dest_132,Kegalle Town,Urban & Transit Hub,Sabaragamuwa Province,Kegalle,District capital on Colombo-Kandy highway. Gateway to Pinnawala Elephant Orphanage. Rubber and coconut plantation center.,Year-round,Free (town),Half day,city exploration,market visits,local dining,Pinnawala,Ambuluwawa,Belilena Cave,7.2528,80.3464,transit stop,
dest_133,Aranayake,Rural & Nature,Sabaragamuwa Province,Kegalle,Hill country town with tea estates and spice gardens. Base for Dediyagala rock climb. Cool climate and scenic landscapes.,Year-round,Free (town),1 day,tea estate visits,spice garden tours,hiking,Dediyagala,Ambuluwawa,Kegalle,7.1833,80.5,rural exploration,
dest_134,Monaragala,Rural & Gateway,Uva Province,Monaragala,District capital and gateway to eastern national parks. Agricultural center with ancient Buddhist sites. Peaceful rural town.,Year-round,Free (town),Half day,town exploration,market visits,temple tours,Buduruwagala,Yala,Gal Oya,6.8728,81.3506,local dining,
dest_135,Wellawaya,Transit & Rural,Uva Province,Monaragala,Junction town connecting hill country to southern plains. Base for visiting Buduruwagala. Rice farming area.,Year-round,Free (town),Half day,town visits,local market,paddy field viewing,Buduruwagala,Diyaluma Falls,Ella,6.7333,81.1,rest stop,
dest_136,Badulla Town,Urban & Transit,Uva Province,Badulla,District capital and end of scenic train line from Colombo. Historic town with temples and colonial buildings. Hill country commercial center.,Year-round,Free (town),1 day,town exploration,temple visits,train station viewing,Dunhinda Falls,Bogoda Bridge,Muthiyangana Temple,6.9934,81.055,shopping,
dest_137,Muthiyangana Raja Maha Vihara,Religious & Historical,Uva Province,Badulla,Ancient Buddhist temple believed visited by Buddha. Important pilgrimage site in Badulla. Annual Esala Perahera festival.,Year-round,Free (donations accepted),1-2 hours,temple visits,religious ceremonies,cultural exploration,Badulla town,Dunhinda Falls,Dhowa Temple,6.9883,81.0533,meditation,
dest_138,Bandarawela,Hill Country Town,Uva Province,Badulla,Charming hill station with cool climate and colonial architecture. Tea estates and scenic railway. Slower pace than Ella or Nuwara Eliya.,Year-round,Free (town),1-2 days,town walks,tea estate visits,colonial architecture viewing,Dowa Temple,Ella,Haputale,6.8286,80.9861,hiking,
dest_139,Haputale,Hill Country & Tea,Uva Province,Badulla,Small hill town with dramatic escarpment views. Lipton's Seat viewpoint nearby. Tea estate workers' culture and Tamil heritage.,January to March,Free (town),1-2 days,tea estate tours,scenic viewing,train rides,Lipton's Seat,Dambatenne Factory,Adisham Monastery,6.7667,80.9667,hiking,
dest_140,Adisham Monastery,Religious & Colonial,Uva Province,Badulla,"Benedictine monastery in English country house style. Built in 1931, now occupied by monks. Beautiful gardens and architecture.",Weekends and holidays only,LKR 500 for foreigners,1-2 hours,monastery tours,garden walks,architecture viewing,Haputale,Lipton's Seat,Dambatenne,6.7667,80.95,photography,
dest_141,Ampara,Urban & Multicultural,Eastern Province,Ampara,District capital with diverse ethnic community. Agricultural hub for rice cultivation. Gateway to eastern national parks.,Year-round,Free (town),Half day,town exploration,market visits,cultural observation,Gal Oya,Kumana,Arugam Bay,7.2986,81.6719,local dining,
dest_142,Lahugala National Park,Wildlife & Nature,Eastern Province,Ampara,Small national park known for elephant population. Lahugala Tank attracts elephants year-round. Easy wildlife viewing from roadside.,"Year-round, best May to September",USD 15 per person,2-3 hours,elephant watching,wildlife viewing,bird watching,Arugam Bay,Kumana,Pottuvil,6.9167,81.7167,photography,
dest_143,Pottuvil,Coastal & Surfing,Eastern Province,Ampara,Coastal village near Arugam Bay. Pottuvil Point surf break and lagoon. Ancient Muhudu Maha Vihara temple nearby.,April to October,Free,1-2 days,surfing,lagoon tours,temple visits,Arugam Bay,Pottuvil Lagoon,Kudumbigala Monastery,6.8667,81.8333,beach relaxation,
dest_144,Kudumbigala Monastery,Religious & Hiking,Eastern Province,Ampara,Ancient forest hermitage on rocky outcrop. Panoramic views of surrounding wilderness. Active meditation center with resident monks.,"Year-round, early morning best",Free (donations accepted),2-3 hours,monastery visits,hiking,meditation,Arugam Bay,Panama,Kumana,6.7333,81.8167,wildlife spotting,
dest_145,Panama,Coastal & Remote,Eastern Province,Ampara,Remote fishing village with pristine beaches. Gateway to Kumana National Park. Peaceful atmosphere and beautiful sunrises.,April to September,Free,1-2 days,beach relaxation,fishing village tours,wildlife safaris,Kumana,Arugam Bay,Kudumbigala,6.7833,81.7833,sunrise viewing,
dest_146,Kalkudah Beach,Beaches & Coastal,Eastern Province,Batticaloa,Beautiful beach with calm shallow waters extending far from shore. Sister beach to Pasikuda. Safe swimming and water sports.,April to October,Free,1-2 days,swimming,water sports,beach relaxation,Pasikuda,Batticaloa,Kallady,7.9167,81.5333,snorkeling,
dest_147,Kallady Beach,Beaches & Urban,Eastern Province,Batticaloa,Beach in Batticaloa town with Lady Manning Bridge landmark. Singing fish phenomenon location. Urban beach with facilities.,May to September,Free,Half day,swimming,beach walks,bridge viewing,Batticaloa town,Batticaloa Fort,Pasikuda,7.7167,81.7,sunset watching,
dest_148,Nilaveli Beach,Beaches & Coastal,Eastern Province,Trincomalee,Long stretch of white sand beach with turquoise waters. Gateway to Pigeon Island. Calm conditions ideal for swimming.,May to September,Free,2-4 days,swimming,snorkeling,beach relaxation,Pigeon Island,Trincomalee,Uppuveli,8.6833,81.2,island hopping,
dest_149,Uppuveli Beach,Beaches & Diving,Eastern Province,Trincomalee,Quieter beach near Trincomalee with clear waters. Good for swimming and diving. Dutch Bay Beach nearby.,May to September,Free,1-3 days,swimming,diving,snorkeling,Trincomalee,Nilaveli,Koneswaram Temple,8.6167,81.2167,beach relaxation,
dest_150,Koneswaram Temple,Religious & Historical,Eastern Province,Trincomalee,Ancient Hindu temple on Swami Rock cliff overlooking ocean. One of five Ishwarams of Shiva. Dramatic coastal location with history.,Year-round,Free (donations accepted),1-2 hours,temple visits,religious rituals,cliff views,Trincomalee Harbor,Fort Frederick,Lover's Leap,8.5711,81.2333,history learning,
dest_151,Fort Frederick,Historical & Military,Eastern Province,Trincomalee,Portuguese fort later occupied by Dutch and British. Still active military area. Contains Koneswaram Temple within grounds.,Year-round,Free,1 hour,fort exploration,historical learning,photography,Koneswaram Temple,Trincomalee Harbor,Swami Rock,8.5775,81.2306,military history,
dest_152,Vavuniya,Urban & Transit,Northern Province,Vavuniya,Gateway to Northern Province. Transport hub connecting north to rest of country. Agricultural market town.,Year-round,Free (town),Half day,town exploration,market visits,transit stop,Madhu Church,Vavuniya Tank,Archaeological sites,8.7514,80.4971,local dining,
dest_153,Madhu Church,Religious & Pilgrimage,Northern Province,Mannar,Important Catholic pilgrimage site. Our Lady of Madhu shrine. Peaceful forest setting. Annual feast attracts thousands.,"Year-round, feast in August",Free (donations accepted),2-3 hours,pilgrimage,religious rituals,peaceful reflection,Mannar,Vavuniya,Giant's Tank,8.7917,80.1667,church visits,
dest_154,Kilinochchi,Urban & Historical,Northern Province,Kilinochchi,District capital rebuilding after civil war. Historical significance. War memorials and new development.,Year-round,Free (town),Half day,town exploration,war history learning,memorial visits,Mullaitivu,Jaffna,War memorials,9.3964,80.3978,reconstruction observation,
